CREATE TABLE USER_PERSONAL
(
USER_ID VARCHAR(11) NOT NULL,
U_EMAIL VARCHAR(50) NOT NULL,
FNAME VARCHAR(50) NOT NULL,
LNAME VARCHAR(50) NOT NULL,
CITY VARCHAR(50) NOT NULL,
STATE VARCHAR(50) NOT NULL,
ZIP NUMBER(11) NOT NULL
);

INSERT INTO USER_PERSONAL(USER_ID, U_EMAIL, FNAME, LNAME, CITY, STATE,ZIP)
VALUES('MA12', 'alex@ymail.com','Alex', 'Jones', 'Houston', 'Texas' , 75001);
INSERT INTO USER_PERSONAL(USER_ID, U_EMAIL, FNAME, LNAME, CITY, STATE,ZIP)
VALUES('PO45', 'emma.john@gmail.com','Emma', 'Stone', 'Albany', 'New York' , 10008);
INSERT INTO USER_PERSONAL(USER_ID, U_EMAIL, FNAME, LNAME, CITY, STATE,ZIP)
VALUES('LA33', 'victoria@yahoo.com','Victoria', 'Aurora', 'Istanbul', 'Turkey' , 34000);
INSERT INTO USER_PERSONAL(USER_ID, U_EMAIL, FNAME, LNAME, CITY, STATE,ZIP)
VALUES('CH99', 'joe.1997@hotmail.com','Joe', 'Johnson', 'Los Angeles', 'California' , 90201);
INSERT INTO USER_PERSONAL(USER_ID, U_EMAIL, FNAME, LNAME, CITY, STATE,ZIP)
VALUES('DA74', 'dlany01@live.com','Dany', 'William', 'Miami', 'Florida' , 32006);

SELECT * FROM USER_PERSONAL;
------------------------------------------------------------------------------------------------------------------------------------------
CREATE TABLE USER_MAIN_INFO
(
USER_ID VARCHAR(11) PRIMARY KEY,
U_EMAIL VARCHAR(50) NOT NULL,
FNAME VARCHAR(50) NOT NULL,
LNAME VARCHAR(50) NOT NULL
);

INSERT INTO USER_MAIN_INFO(USER_ID, U_EMAIL, FNAME, LNAME)
VALUES('MA12','alex@ymail.com', 'Alex', 'Jones');
INSERT INTO USER_MAIN_INFO(USER_ID, U_EMAIL, FNAME, LNAME)
VALUES('PO45','emma.john@gmail.com', 'Emma', 'Stone');
INSERT INTO USER_MAIN_INFO(USER_ID, U_EMAIL, FNAME, LNAME)
VALUES('LA33','victoria@yahoo.com', 'Victoria', 'Aurora');
INSERT INTO USER_MAIN_INFO(USER_ID, U_EMAIL, FNAME, LNAME)
VALUES('CH99','joe.1997@hotmail.com', 'Joe', 'Johnson');
INSERT INTO USER_MAIN_INFO(USER_ID, U_EMAIL, FNAME, LNAME)
VALUES('DA74','dlany01@live.com', 'William', 'Miami');

CREATE TABLE ADDRESS
(
CITY VARCHAR(50) NOT NULL,
STATE VARCHAR(50) NOT NULL,
ZIP VARCHAR(50) PRIMARY KEY
);

INSERT INTO ADDRESS(CITY, STATE, ZIP)
VALUES('Houston','Texas',75001);
INSERT INTO ADDRESS(CITY, STATE, ZIP)
VALUES('Albany','New York',10008);
INSERT INTO ADDRESS(CITY, STATE, ZIP)
VALUES('Istanbul', 'Turkey' , 34000);
INSERT INTO ADDRESS(CITY, STATE, ZIP)
VALUES('Los Angeles', 'California' , 90201);
INSERT INTO ADDRESS(CITY, STATE, ZIP)
VALUES('Miami', 'Florida' , 32006);


-----------------------------------------------------------------------------------------------------------------------------------
CREATE TABLE DETAILS
(
USER_ID VARCHAR(11) NOT NULL,
U_EMAIL VARCHAR(50) NOT NULL,
CONSTRAINT UN_ID PRIMARY KEY(USER_ID)
);

INSERT INTO DETAILS(USER_ID,U_EMAIL)
VALUES('MA12','alex@ymail.com');
INSERT INTO DETAILS(USER_ID,U_EMAIL)
VALUES('PO45','emma.john@gmail.com');
INSERT INTO DETAILS(USER_ID,U_EMAIL)
VALUES('LA33','victoria@yahoo.com');
INSERT INTO DETAILS(USER_ID,U_EMAIL)
VALUES('CH99','joe.1997@hotmail.com');
INSERT INTO DETAILS(USER_ID,U_EMAIL)
VALUES('DA74', 'dlany01@live.com');

CREATE TABLE NAME_DETAILS
(
USER_ID VARCHAR(11),
FNAME VARCHAR(50) NOT NULL,
LNAME VARCHAR(50) NOT NULL,
CONSTRAINT FK_NAME 
FOREIGN KEY(USER_ID)
REFERENCES DETAILS(USER_ID)
);

INSERT INTO NAME_DETAILS(USER_ID,FNAME,LNAME)
VALUES('MA12','Alex', 'Jones');
INSERT INTO NAME_DETAILS(USER_ID,FNAME,LNAME)
VALUES('PO45','Emma', 'Stone');
INSERT INTO NAME_DETAILS(USER_ID,FNAME,LNAME)
VALUES('LA33','Victoria', 'Aurora');
INSERT INTO NAME_DETAILS(USER_ID,FNAME,LNAME)
VALUES('CH99','Joe', 'Johnson');
INSERT INTO NAME_DETAILS(USER_ID,FNAME,LNAME)
VALUES('DA74','Dany', 'William');


CREATE TABLE ADDRESS_DETAILS
(
CITY VARCHAR(50) NOT NULL,
STATE VARCHAR(50) NOT NULL,
ZIP NUMBER(11) PRIMARY KEY
);

INSERT INTO ADDRESS_DETAILS(CITY, STATE, ZIP)
VALUES('Houston','Texas',75001);
INSERT INTO ADDRESS_DETAILS(CITY, STATE, ZIP)
VALUES('Albany','New York',10008);
INSERT INTO ADDRESS_DETAILS(CITY, STATE, ZIP)
VALUES('Istanbul', 'Turkey' , 34000);
INSERT INTO ADDRESS_DETAILS(CITY, STATE, ZIP)
VALUES('Los Angeles', 'California' , 90201);
INSERT INTO ADDRESS_DETAILS(CITY, STATE, ZIP)
VALUES('Miami', 'Florida' , 32006);